ID,File,Category,Line,Context,English Text,Bahasa Indonesia,Status,Full Line,Pattern
1,1_Module_1_Generate_Image_Mosaic.py,Titles Headers,43,title,Acquisition of Near-Cloud-Free Satellite Imagery,,Needs Translation,"st.title(""Acquisition of Near-Cloud-Free Satellite Imagery"")","st\.title\s*\(\s*[""\']([^""\']+)[""\']\s*\)"
2,1_Module_1_Generate_Image_Mosaic.py,Titles Headers,112,header,Upload Area of Interest (Shapefile),Unggah Area Minat (Shapefile),Translated,"st.subheader(""Upload Area of Interest (Shapefile)"")","st\.subheader\s*\(\s*[""\']([^""\']+)[""\']\s*\)"
3,1_Module_1_Generate_Image_Mosaic.py,Markdown Content,113,markdown,currently the platform only support shapefile in .zip format,"Saat ini, wahana hanya mendukung shapefile dalam format berkas .zip.",Translated,"st.markdown(""currently the platform only support shapefile in .zip format"")","st\.markdown\s*\(\s*[""\']([^""\']+)[""\']\s*\)"
4,1_Module_1_Generate_Image_Mosaic.py,Labels,117,file_uploader,Upload a zipped shapefile (.zip),Unggah shapefile dalam berkas .zip,Translated,"uploaded_file = st.file_uploader(""Upload a zipped shapefile (.zip)"", type=[""zip""])","st\.file_uploader\s*\(\s*[""\']([^""\']+)[""\']\s*"
5,1_Module_1_Generate_Image_Mosaic.py,Messages,139,error,No .shp file found in the uploaded zip.,Shapefile tidak ditemukan dalam berkas zip yang diunggah.,Translated,"st.error(""No .shp file found in the uploaded zip."")","st\.error\s*\(\s*[""\']([^""\']+)[""\']\s*\)"
6,1_Module_1_Generate_Image_Mosaic.py,Messages,144,success,Shapefile loaded successfully!,Berkas (Shapefile) berhasil dimuat!,Translated,"st.success(""Shapefile loaded successfully!"")","st\.success\s*\(\s*[""\']([^""\']+)[""\']\s*\)"
7,1_Module_1_Generate_Image_Mosaic.py,Messages,155,success,AOI conversion completed!,Area Minat berhasil diproses!,Translated,"st.success(""AOI conversion completed!"")","st\.success\s*\(\s*[""\']([^""\']+)[""\']\s*\)"
8,1_Module_1_Generate_Image_Mosaic.py,Messages,166,error,Failed to convert AOI to Google Earth Engine format,Gagal memuat Area Minat ke server,Translated,"st.error(""Failed to convert AOI to Google Earth Engine format"")","st\.error\s*\(\s*[""\']([^""\']+)[""\']\s*\)"
9,1_Module_1_Generate_Image_Mosaic.py,Messages,168,error,Geometry validation failed,Validasi Geometri gagal.,Translated,"st.error(""Geometry validation failed"")","st\.error\s*\(\s*[""\']([^""\']+)[""\']\s*\)"
10,1_Module_1_Generate_Image_Mosaic.py,Messages,172,info,"Make sure your shapefile includes all necessary files (.shp, .shx, .dbf, .prj)","Pastikan Shapefile Anda memuat semua berkas yang diperlukan (.shp, .shx, .dbf, .prj).",Translated,"st.info(""Make sure your shapefile includes all necessary files (.shp, .shx, .dbf, .prj)"")","st\.info\s*\(\s*[""\']([^""\']+)[""\']\s*\)"
11,1_Module_1_Generate_Image_Mosaic.py,Titles Headers,178,header,Specify Imagery Search Criteria,Tentukan Kriteria Pencarian Citra,Translated,"st.subheader(""Specify Imagery Search Criteria"")","st\.subheader\s*\(\s*[""\']([^""\']+)[""\']\s*\)"
12,1_Module_1_Generate_Image_Mosaic.py,Titles Headers,198,header,Select Time Period,Pilih Periode Waktu,Translated,"st.subheader(""Select Time Period"")","st\.subheader\s*\(\s*[""\']([^""\']+)[""\']\s*\)"
13,1_Module_1_Generate_Image_Mosaic.py,Labels,211,selectbox,Select Year,Pilih tahun,Translated,"year = st.selectbox(""Select Year"", years, index=years.index(2020))","st\.selectbox\s*\(\s*[""\']([^""\']+)[""\']\s*"
14,1_Module_1_Generate_Image_Mosaic.py,Labels,220,date_input,Start Date:,Tanggal mulai:,Translated,"start_date_dt = st.date_input(""Start Date:"", default_start)","st\.date_input\s*\(\s*[""\']([^""\']+)[""\']\s*"
15,1_Module_1_Generate_Image_Mosaic.py,Labels,221,date_input,End Date:,Tanggal selesai:,Translated,"end_date_dt = st.date_input(""End Date:"", default_end)","st\.date_input\s*\(\s*[""\']([^""\']+)[""\']\s*"
16,1_Module_1_Generate_Image_Mosaic.py,Labels,265,slider,Maximum Scene Cloud Cover (%):,,Needs Translation,"cloud_cover = st.slider(""Maximum Scene Cloud Cover (%):"", 0, 100, 30)","st\.slider\s*\(\s*[""\']([^""\']+)[""\']\s*"
17,1_Module_1_Generate_Image_Mosaic.py,Messages,314,warning,"No images found for the selected criteria, increase cloud cover threshold,  change the date range, or make sure the acquisition date aligned with Landsat Mission Avaliability.",,Needs Translation,"st.warning(""No images found for the selected criteria, increase cloud cover threshold,  change the date range, or make sure the acquisition date aligned with Landsat Mission Avaliability."")","st\.warning\s*\(\s*[""\']([^""\']+)[""\']\s*\)"
18,1_Module_1_Generate_Image_Mosaic.py,Markdown Content,380,markdown,#### Cloud Cover Statistics,,Needs Translation,"st.markdown(""#### Cloud Cover Statistics"")","st\.markdown\s*\(\s*[""\']([^""\']+)[""\']\s*\)"
19,1_Module_1_Generate_Image_Mosaic.py,Other UI Text,392,unknown,Download Scene List as CSV,,Needs Translation,"label=""Download Scene List as CSV"",","label\s*=\s*[""\']([^""\']+)[""\']"
20,1_Module_1_Generate_Image_Mosaic.py,Messages,398,info,No scene data available to display,,Needs Translation,"st.info(""No scene data available to display"")","st\.info\s*\(\s*[""\']([^""\']+)[""\']\s*\)"
21,1_Module_1_Generate_Image_Mosaic.py,Titles Headers,399,header,Detailed Statistics,,Needs Translation,"#st.subheader(""Detailed Statistics"") {'bands': ['RED', 'GREEN', 'BLUE'], 'min': 0, 'max': 0.3}","st\.subheader\s*\(\s*[""\']([^""\']+)[""\']\s*\)"
22,1_Module_1_Generate_Image_Mosaic.py,Messages,432,info,Upload an AOI and specify search criteria to begin.,Unggah Area Minat dan tentukan kriteria pencarian untuk memulai.,Translated,"st.info(""Upload an AOI and specify search criteria to begin."")","st\.info\s*\(\s*[""\']([^""\']+)[""\']\s*\)"
23,1_Module_1_Generate_Image_Mosaic.py,Titles Headers,437,header,Export Imagery to Google Drive,,Needs Translation,"st.subheader(""Export Imagery to Google Drive"")","st\.subheader\s*\(\s*[""\']([^""\']+)[""\']\s*\)"
24,1_Module_1_Generate_Image_Mosaic.py,Other UI Text,446,unknown,The output will be saved as GeoTIFF (.tif),Hasil akan disimpan dalam format GeoTIFF (.tif),Translated,"help=""The output will be saved as GeoTIFF (.tif)""","help\s*=\s*[""\']([^""\']+)[""\']"
25,1_Module_1_Generate_Image_Mosaic.py,Other UI Text,470,unknown,Example: 32648 (UTM Zone 48N),,Needs Translation,"help=""Example: 32648 (UTM Zone 48N)""","help\s*=\s*[""\']([^""\']+)[""\']"
26,1_Module_1_Generate_Image_Mosaic.py,Messages,556,info,Debugging info:,Informasi Pemecahan Masalah:,Translated,"st.info(""Debugging info:"")","st\.info\s*\(\s*[""\']([^""\']+)[""\']\s*\)"
27,1_Module_1_Generate_Image_Mosaic.py,Titles Headers,562,header,Earth Engine Export Monitor,,Needs Translation,"st.subheader(""Earth Engine Export Monitor"")","st\.subheader\s*\(\s*[""\']([^""\']+)[""\']\s*\)"
28,1_Module_1_Generate_Image_Mosaic.py,Labels,567,button,üîÑ Refresh All,,Needs Translation,"if st.button(""üîÑ Refresh All""):","st\.button\s*\(\s*[""\']([^""\']+)[""\']\s*\)"
29,1_Module_1_Generate_Image_Mosaic.py,Messages,604,error,Failed to get task status,,Needs Translation,"st.error(""Failed to get task status"")","st\.error\s*\(\s*[""\']([^""\']+)[""\']\s*\)"
30,1_Module_1_Generate_Image_Mosaic.py,Other UI Text,615,unknown,Refresh this task,,Needs Translation,"if st.button(f""üîÑ"", key=f""refresh_{i}"", help=""Refresh this task""):","help\s*=\s*[""\']([^""\']+)[""\']"
31,1_Module_1_Generate_Image_Mosaic.py,Messages,741,success,‚úÖ Export completed successfully!,,Needs Translation,"st.success(""‚úÖ Export completed successfully!"")","st\.success\s*\(\s*[""\']([^""\']+)[""\']\s*\)"
32,1_Module_1_Generate_Image_Mosaic.py,Labels,765,button,üóëÔ∏è Clear All Completed Tasks,,Needs Translation,"if st.button(""üóëÔ∏è Clear All Completed Tasks""):","st\.button\s*\(\s*[""\']([^""\']+)[""\']\s*\)"
33,1_Module_1_Generate_Image_Mosaic.py,Titles Headers,774,header,Module Navigation,Navigasi modul,Translated,"st.subheader(""Module Navigation"")","st\.subheader\s*\(\s*[""\']([^""\']+)[""\']\s*\)"
34,1_Module_1_Generate_Image_Mosaic.py,Labels,777,button,Go to Module 2: Classification Scheme,Lanjut ke Modul 2: Tentukan Skema Klasifikasi,Translated,"if st.button(""Go to Module 2: Classification Scheme""):","st\.button\s*\(\s*[""\']([^""\']+)[""\']\s*\)"
35,1_Module_1_Generate_Image_Mosaic.py,Messages,781,info,Please generate an imagery mosaic before proceeding,,Needs Translation,"st.info(""Please generate an imagery mosaic before proceeding"")","st\.info\s*\(\s*[""\']([^""\']+)[""\']\s*\)"
36,2_Module_2_Classification_scheme.py,Titles Headers,81,title,Determining LULC Classification Schema and Classes,,Needs Translation,"st.title(""Determining LULC Classification Schema and Classes"")","st\.title\s*\(\s*[""\']([^""\']+)[""\']\s*\)"
37,2_Module_2_Classification_scheme.py,Markdown Content,92,markdown,---,,Needs Translation,"st.markdown(""---"")","st\.markdown\s*\(\s*[""\']([^""\']+)[""\']\s*\)"
38,2_Module_2_Classification_scheme.py,Markdown Content,105,markdown,#### Add a New Class,,Needs Translation,"st.markdown(""#### Add a New Class"")","st\.markdown\s*\(\s*[""\']([^""\']+)[""\']\s*\)"
39,2_Module_2_Classification_scheme.py,Markdown Content,175,markdown,#### Upload Classification Scheme,,Needs Translation,"st.markdown(""#### Upload Classification Scheme"")","st\.markdown\s*\(\s*[""\']([^""\']+)[""\']\s*\)"
40,2_Module_2_Classification_scheme.py,Labels,185,file_uploader,Choose a CSV file,,Needs Translation,"uploaded_file = st.file_uploader(""Choose a CSV file"", type=['csv'])","st\.file_uploader\s*\(\s*[""\']([^""\']+)[""\']\s*"
41,2_Module_2_Classification_scheme.py,Markdown Content,195,markdown,### Select Columns,,Needs Translation,"st.markdown(""### Select Columns"")","st\.markdown\s*\(\s*[""\']([^""\']+)[""\']\s*\)"
42,2_Module_2_Classification_scheme.py,Markdown Content,250,markdown,---,,Needs Translation,"st.markdown(""---"")","st\.markdown\s*\(\s*[""\']([^""\']+)[""\']\s*\)"
43,2_Module_2_Classification_scheme.py,Markdown Content,251,markdown,### Adjust Color for each class,,Needs Translation,"st.markdown(""### Adjust Color for each class"")","st\.markdown\s*\(\s*[""\']([^""\']+)[""\']\s*\)"
44,2_Module_2_Classification_scheme.py,Messages,252,info,Color have been randomly generated. You can adjust them if needed.,,Needs Translation,"st.info(""Color have been randomly generated. You can adjust them if needed."")","st\.info\s*\(\s*[""\']([^""\']+)[""\']\s*\)"
45,2_Module_2_Classification_scheme.py,Markdown Content,273,markdown,---,,Needs Translation,"st.markdown(""---"")","st\.markdown\s*\(\s*[""\']([^""\']+)[""\']\s*\)"
46,2_Module_2_Classification_scheme.py,Markdown Content,294,markdown,#### Load Default Classification Scheme,,Needs Translation,"st.markdown(""#### Load Default Classification Scheme"")","st\.markdown\s*\(\s*[""\']([^""\']+)[""\']\s*\)"
47,2_Module_2_Classification_scheme.py,Messages,295,info,Quick start with predefined RESTORE+ project land cover classes,,Needs Translation,"st.info(""Quick start with predefined RESTORE+ project land cover classes"")","st\.info\s*\(\s*[""\']([^""\']+)[""\']\s*\)"
48,2_Module_2_Classification_scheme.py,Markdown Content,328,markdown,---,,Needs Translation,"st.markdown(""---"")","st\.markdown\s*\(\s*[""\']([^""\']+)[""\']\s*\)"
49,2_Module_2_Classification_scheme.py,Markdown Content,329,markdown,#### Current Classification Scheme,,Needs Translation,"st.markdown(""#### Current Classification Scheme"")","st\.markdown\s*\(\s*[""\']([^""\']+)[""\']\s*\)"
50,2_Module_2_Classification_scheme.py,Messages,335,warning,‚ö†Ô∏è No classes defined yet. Add your first class above!,,Needs Translation,"st.warning(""‚ö†Ô∏è No classes defined yet. Add your first class above!"")","st\.warning\s*\(\s*[""\']([^""\']+)[""\']\s*\)"
51,2_Module_2_Classification_scheme.py,Other UI Text,361,unknown,Edit class,,Needs Translation,"if st.button(""‚úèÔ∏è"", key=f""edit_{idx}"", help=""Edit class""):","help\s*=\s*[""\']([^""\']+)[""\']"
52,2_Module_2_Classification_scheme.py,Other UI Text,367,unknown,Delete class,,Needs Translation,"if st.button(""üóëÔ∏è"", key=f""delete_{idx}"", help=""Delete class""):","help\s*=\s*[""\']([^""\']+)[""\']"
53,2_Module_2_Classification_scheme.py,Markdown Content,375,markdown,---,,Needs Translation,"st.markdown(""---"")","st\.markdown\s*\(\s*[""\']([^""\']+)[""\']\s*\)"
54,2_Module_2_Classification_scheme.py,Other UI Text,382,unknown,üì• Download as CSV,,Needs Translation,"label=""üì• Download as CSV"",","label\s*=\s*[""\']([^""\']+)[""\']"
55,2_Module_2_Classification_scheme.py,Other UI Text,442,unknown,Add at least one class to proceed,,Needs Translation,"help=""Add at least one class to proceed"")","help\s*=\s*[""\']([^""\']+)[""\']"
56,2_Module_2_Classification_scheme.py,Messages,448,info,üí° Add at least one class to complete this module,,Needs Translation,"st.info(""üí° Add at least one class to complete this module"")","st\.info\s*\(\s*[""\']([^""\']+)[""\']\s*\)"
57,3_Module_3_Generate_ROI.py,Titles Headers,24,title,Penentuan Data Sampel Klasifikasi Tutupan/penggunaan lahan,,Needs Translation,"st.title(""Penentuan Data Sampel Klasifikasi Tutupan/penggunaan lahan"")","st\.title\s*\(\s*[""\']([^""\']+)[""\']\s*\)"
58,3_Module_3_Generate_ROI.py,Markdown Content,29,markdown,1. Mengunggah data sampel training.,,Needs Translation,"st.markdown(""1. Mengunggah data sampel training."")","st\.markdown\s*\(\s*[""\']([^""\']+)[""\']\s*\)"
59,3_Module_3_Generate_ROI.py,Markdown Content,30,markdown,2. Membuat data sampel training melalui sampling on screen.,,Needs Translation,"st.markdown(""2. Membuat data sampel training melalui sampling on screen."")","st\.markdown\s*\(\s*[""\']([^""\']+)[""\']\s*\)"
60,3_Module_3_Generate_ROI.py,Markdown Content,31,markdown,3. Menggunakan data sampel default Epistem.,,Needs Translation,"st.markdown(""3. Menggunakan data sampel default Epistem."")","st\.markdown\s*\(\s*[""\']([^""\']+)[""\']\s*\)"
61,3_Module_3_Generate_ROI.py,Markdown Content,44,markdown,Ketersediaan keluaran hasil modul 1 dan 2,,Needs Translation,"st.markdown(""Ketersediaan keluaran hasil modul 1 dan 2"")","st\.markdown\s*\(\s*[""\']([^""\']+)[""\']\s*\)"
62,3_Module_3_Generate_ROI.py,Messages,52,success,‚úÖ Data AOI dari modul 1 tersedia,,Needs Translation,"st.success(""‚úÖ Data AOI dari modul 1 tersedia"")","st\.success\s*\(\s*[""\']([^""\']+)[""\']\s*\)"
63,3_Module_3_Generate_ROI.py,Messages,55,error,"‚ùå Data AOI belum tersedia, silakan kunjungi modul 1.",,Needs Translation,"st.error(""‚ùå Data AOI belum tersedia, silakan kunjungi modul 1."")","st\.error\s*\(\s*[""\']([^""\']+)[""\']\s*\)"
64,3_Module_3_Generate_ROI.py,Messages,79,error,"‚ùå Data skema klasifikasi belum tersedia, silakan kunjungi modul 2.",,Needs Translation,"st.error(""‚ùå Data skema klasifikasi belum tersedia, silakan kunjungi modul 2."")","st\.error\s*\(\s*[""\']([^""\']+)[""\']\s*\)"
65,3_Module_3_Generate_ROI.py,Messages,115,error,‚ùå Data klasifikasi tidak dapat dimuat dengan benar. Silakan kembali ke Modul 2 dan pastikan skema klasifikasi telah disimpan.,,Needs Translation,"st.error(""‚ùå Data klasifikasi tidak dapat dimuat dengan benar. Silakan kembali ke Modul 2 dan pastikan skema klasifikasi telah disimpan."")","st\.error\s*\(\s*[""\']([^""\']+)[""\']\s*\)"
66,3_Module_3_Generate_ROI.py,Messages,149,info,"üîÑ Berdasarkan pilihan skema klasifikasi default di Modul 2, sistem akan menggunakan data sampel default Epistem.",,Needs Translation,"st.info(""üîÑ Berdasarkan pilihan skema klasifikasi default di Modul 2, sistem akan menggunakan data sampel default Epistem."")","st\.info\s*\(\s*[""\']([^""\']+)[""\']\s*\)"
67,3_Module_3_Generate_ROI.py,Titles Headers,150,header,Gunakan data sampel default (Epistem),,Needs Translation,"st.subheader(""Gunakan data sampel default (Epistem)"")","st\.subheader\s*\(\s*[""\']([^""\']+)[""\']\s*\)"
68,3_Module_3_Generate_ROI.py,Markdown Content,151,markdown,Data training akan dimuat dari dataset referensi RESTORE+ yang sesuai dengan skema klasifikasi yang dipilih.,,Needs Translation,"st.markdown(""Data training akan dimuat dari dataset referensi RESTORE+ yang sesuai dengan skema klasifikasi yang dipilih."")","st\.markdown\s*\(\s*[""\']([^""\']+)[""\']\s*\)"
69,3_Module_3_Generate_ROI.py,Messages,192,success,Data training referensi berhasil dimuat!,,Needs Translation,"st.success(""Data training referensi berhasil dimuat!"")","st\.success\s*\(\s*[""\']([^""\']+)[""\']\s*\)"
70,3_Module_3_Generate_ROI.py,Titles Headers,201,header,B. Pemrosesan & Validasi Data Training,,Needs Translation,"st.subheader(""B. Pemrosesan & Validasi Data Training"")","st\.subheader\s*\(\s*[""\']([^""\']+)[""\']\s*\)"
71,3_Module_3_Generate_ROI.py,Messages,254,success,Data training berhasil diproses!,,Needs Translation,"st.success(""Data training berhasil diproses!"")","st\.success\s*\(\s*[""\']([^""\']+)[""\']\s*\)"
72,3_Module_3_Generate_ROI.py,Messages,260,error,Full traceback:,,Needs Translation,"st.error(""Full traceback:"")","st\.error\s*\(\s*[""\']([^""\']+)[""\']\s*\)"
73,3_Module_3_Generate_ROI.py,Titles Headers,266,header,C. Ringkasan Data Training,,Needs Translation,"st.subheader(""C. Ringkasan Data Training"")","st\.subheader\s*\(\s*[""\']([^""\']+)[""\']\s*\)"
74,3_Module_3_Generate_ROI.py,Markdown Content,286,markdown,#### Distribusi Data Training,,Needs Translation,"st.markdown(""#### Distribusi Data Training"")","st\.markdown\s*\(\s*[""\']([^""\']+)[""\']\s*\)"
75,3_Module_3_Generate_ROI.py,Titles Headers,312,header,D. Pembagian Data Training/Validasi,,Needs Translation,"st.subheader(""D. Pembagian Data Training/Validasi"")","st\.subheader\s*\(\s*[""\']([^""\']+)[""\']\s*\)"
76,3_Module_3_Generate_ROI.py,Labels,317,slider,Persentase data training:,,Needs Translation,"split_ratio = st.slider(""Persentase data training:"", min_value=0.5, max_value=0.9, value=0.7, step=0.05, key=""split_ratio_ref"")","st\.slider\s*\(\s*[""\']([^""\']+)[""\']\s*"
77,3_Module_3_Generate_ROI.py,Messages,344,success,Pembagian data berhasil diselesaikan!,,Needs Translation,"st.success(""Pembagian data berhasil diselesaikan!"")","st\.success\s*\(\s*[""\']([^""\']+)[""\']\s*\)"
78,3_Module_3_Generate_ROI.py,Markdown Content,350,markdown,**Preview Data Training:**,,Needs Translation,"st.markdown(""**Preview Data Training:**"")","st\.markdown\s*\(\s*[""\']([^""\']+)[""\']\s*\)"
79,3_Module_3_Generate_ROI.py,Markdown Content,353,markdown,**Preview Data Validasi:**,,Needs Translation,"st.markdown(""**Preview Data Validasi:**"")","st\.markdown\s*\(\s*[""\']([^""\']+)[""\']\s*\)"
80,3_Module_3_Generate_ROI.py,Messages,364,info,Menggunakan seluruh dataset sebagai data training.,,Needs Translation,"st.info(""Menggunakan seluruh dataset sebagai data training."")","st\.info\s*\(\s*[""\']([^""\']+)[""\']\s*\)"
81,3_Module_3_Generate_ROI.py,Titles Headers,368,header,Pilih Metode Pengumpulan Data Training,,Needs Translation,"st.subheader(""Pilih Metode Pengumpulan Data Training"")","st\.subheader\s*\(\s*[""\']([^""\']+)[""\']\s*\)"
82,3_Module_3_Generate_ROI.py,Titles Headers,377,header,A. Unggah data sampel (Shapefile),,Needs Translation,"st.subheader(""A. Unggah data sampel (Shapefile)"")","st\.subheader\s*\(\s*[""\']([^""\']+)[""\']\s*\)"
83,3_Module_3_Generate_ROI.py,Markdown Content,378,markdown,Silakan unggah data shapefile terkompresi dalam format .zip,,Needs Translation,"st.markdown(""Silakan unggah data shapefile terkompresi dalam format .zip"")","st\.markdown\s*\(\s*[""\']([^""\']+)[""\']\s*\)"
84,3_Module_3_Generate_ROI.py,Labels,379,file_uploader,Unggah shapefile (.zip),,Needs Translation,"uploaded_file = st.file_uploader(""Unggah shapefile (.zip)"", type=[""zip""])","st\.file_uploader\s*\(\s*[""\']([^""\']+)[""\']\s*"
85,3_Module_3_Generate_ROI.py,Messages,408,success,Data training berhasil dimuat!,,Needs Translation,"st.success(""Data training berhasil dimuat!"")","st\.success\s*\(\s*[""\']([^""\']+)[""\']\s*\)"
86,3_Module_3_Generate_ROI.py,Markdown Content,411,markdown,**Preview data training:**,,Needs Translation,"st.markdown(""**Preview data training:**"")","st\.markdown\s*\(\s*[""\']([^""\']+)[""\']\s*\)"
87,3_Module_3_Generate_ROI.py,Other UI Text,418,unknown,Field ini harus berisi ID kelas atau nama yang sesuai dengan skema klasifikasi Anda,,Needs Translation,"help=""Field ini harus berisi ID kelas atau nama yang sesuai dengan skema klasifikasi Anda""","help\s*=\s*[""\']([^""\']+)[""\']"
88,3_Module_3_Generate_ROI.py,Messages,426,success,Data training berhasil diproses!,,Needs Translation,"st.success(""Data training berhasil diproses!"")","st\.success\s*\(\s*[""\']([^""\']+)[""\']\s*\)"
89,3_Module_3_Generate_ROI.py,Messages,432,error,File .shp tidak ditemukan dalam zip yang diunggah.,,Needs Translation,"st.error(""File .shp tidak ditemukan dalam zip yang diunggah."")","st\.error\s*\(\s*[""\']([^""\']+)[""\']\s*\)"
90,3_Module_3_Generate_ROI.py,Titles Headers,437,header,B. Pemrosesan & Validasi Data Training,,Needs Translation,"st.subheader(""B. Pemrosesan & Validasi Data Training"")","st\.subheader\s*\(\s*[""\']([^""\']+)[""\']\s*\)"
91,3_Module_3_Generate_ROI.py,Messages,506,success,Data training berhasil diproses!,,Needs Translation,"st.success(""Data training berhasil diproses!"")","st\.success\s*\(\s*[""\']([^""\']+)[""\']\s*\)"
92,3_Module_3_Generate_ROI.py,Messages,512,error,Full traceback:,,Needs Translation,"st.error(""Full traceback:"")","st\.error\s*\(\s*[""\']([^""\']+)[""\']\s*\)"
93,3_Module_3_Generate_ROI.py,Titles Headers,518,header,C. Ringkasan Data Training,,Needs Translation,"st.subheader(""C. Ringkasan Data Training"")","st\.subheader\s*\(\s*[""\']([^""\']+)[""\']\s*\)"
94,3_Module_3_Generate_ROI.py,Markdown Content,538,markdown,#### Distribusi Data Training,,Needs Translation,"st.markdown(""#### Distribusi Data Training"")","st\.markdown\s*\(\s*[""\']([^""\']+)[""\']\s*\)"
95,3_Module_3_Generate_ROI.py,Titles Headers,564,header,D. Pembagian Data Training/Validasi,,Needs Translation,"st.subheader(""D. Pembagian Data Training/Validasi"")","st\.subheader\s*\(\s*[""\']([^""\']+)[""\']\s*\)"
96,3_Module_3_Generate_ROI.py,Labels,569,slider,Persentase data training:,,Needs Translation,"split_ratio = st.slider(""Persentase data training:"", min_value=0.5, max_value=0.9, value=0.7, step=0.05, key=""split_ratio_upload"")","st\.slider\s*\(\s*[""\']([^""\']+)[""\']\s*"
97,3_Module_3_Generate_ROI.py,Messages,596,success,Pembagian data berhasil diselesaikan!,,Needs Translation,"st.success(""Pembagian data berhasil diselesaikan!"")","st\.success\s*\(\s*[""\']([^""\']+)[""\']\s*\)"
98,3_Module_3_Generate_ROI.py,Markdown Content,602,markdown,**Preview Data Training:**,,Needs Translation,"st.markdown(""**Preview Data Training:**"")","st\.markdown\s*\(\s*[""\']([^""\']+)[""\']\s*\)"
99,3_Module_3_Generate_ROI.py,Markdown Content,605,markdown,**Preview Data Validasi:**,,Needs Translation,"st.markdown(""**Preview Data Validasi:**"")","st\.markdown\s*\(\s*[""\']([^""\']+)[""\']\s*\)"
100,3_Module_3_Generate_ROI.py,Messages,616,info,Menggunakan seluruh dataset sebagai data training.,,Needs Translation,"st.info(""Menggunakan seluruh dataset sebagai data training."")","st\.info\s*\(\s*[""\']([^""\']+)[""\']\s*\)"
101,3_Module_3_Generate_ROI.py,Titles Headers,620,header,A. Buat data sampel (On Screen),,Needs Translation,"st.subheader(""A. Buat data sampel (On Screen)"")","st\.subheader\s*\(\s*[""\']([^""\']+)[""\']\s*\)"
102,3_Module_3_Generate_ROI.py,Messages,621,info,Gunakan peta di bawah untuk mengumpulkan sampel training dengan menambahkan koordinat secara manual.,,Needs Translation,"st.info(""Gunakan peta di bawah untuk mengumpulkan sampel training dengan menambahkan koordinat secara manual."")","st\.info\s*\(\s*[""\']([^""\']+)[""\']\s*\)"
103,3_Module_3_Generate_ROI.py,Messages,666,success,Semua titik sampling telah dihapus!,,Needs Translation,"st.success(""Semua titik sampling telah dihapus!"")","st\.success\s*\(\s*[""\']([^""\']+)[""\']\s*\)"
104,3_Module_3_Generate_ROI.py,Markdown Content,674,markdown,**Statistik Sampling Saat Ini:**,,Needs Translation,"st.markdown(""**Statistik Sampling Saat Ini:**"")","st\.markdown\s*\(\s*[""\']([^""\']+)[""\']\s*\)"
105,3_Module_3_Generate_ROI.py,Markdown Content,707,markdown,**Tambahkan titik secara manual:**,,Needs Translation,"st.markdown(""**Tambahkan titik secara manual:**"")","st\.markdown\s*\(\s*[""\']([^""\']+)[""\']\s*\)"
106,3_Module_3_Generate_ROI.py,Labels,711,number_input,Latitude:,,Needs Translation,"manual_lat = st.number_input(""Latitude:"", value=center_lat, format=""%.6f"", key=""manual_lat"")","st\.number_input\s*\(\s*[""\']([^""\']+)[""\']\s*"
107,3_Module_3_Generate_ROI.py,Labels,713,number_input,Longitude:,,Needs Translation,"manual_lon = st.number_input(""Longitude:"", value=center_lon, format=""%.6f"", key=""manual_lon"")","st\.number_input\s*\(\s*[""\']([^""\']+)[""\']\s*"
108,3_Module_3_Generate_ROI.py,Messages,733,error,Titik berada di luar batas AOI!,,Needs Translation,"st.error(""Titik berada di luar batas AOI!"")","st\.error\s*\(\s*[""\']([^""\']+)[""\']\s*\)"
109,3_Module_3_Generate_ROI.py,Messages,735,error,Silakan pilih kelas terlebih dahulu!,,Needs Translation,"st.error(""Silakan pilih kelas terlebih dahulu!"")","st\.error\s*\(\s*[""\']([^""\']+)[""\']\s*\)"
110,3_Module_3_Generate_ROI.py,Markdown Content,738,markdown,**Atau tambahkan beberapa titik sekaligus:**,,Needs Translation,"# st.markdown(""**Atau tambahkan beberapa titik sekaligus:**"")","st\.markdown\s*\(\s*[""\']([^""\']+)[""\']\s*\)"
111,3_Module_3_Generate_ROI.py,Messages,781,error,Silakan pilih kelas dan masukkan koordinat!,,Needs Translation,"#         st.error(""Silakan pilih kelas dan masukkan koordinat!"")","st\.error\s*\(\s*[""\']([^""\']+)[""\']\s*\)"
112,3_Module_3_Generate_ROI.py,Titles Headers,786,header,B. Pemrosesan & Validasi Data Training,,Needs Translation,"st.subheader(""B. Pemrosesan & Validasi Data Training"")","st\.subheader\s*\(\s*[""\']([^""\']+)[""\']\s*\)"
113,3_Module_3_Generate_ROI.py,Titles Headers,837,header,C. Ringkasan Data Training,,Needs Translation,"st.subheader(""C. Ringkasan Data Training"")","st\.subheader\s*\(\s*[""\']([^""\']+)[""\']\s*\)"
114,3_Module_3_Generate_ROI.py,Markdown Content,858,markdown,#### Distribusi Data Training,,Needs Translation,"st.markdown(""#### Distribusi Data Training"")","st\.markdown\s*\(\s*[""\']([^""\']+)[""\']\s*\)"
115,3_Module_3_Generate_ROI.py,Titles Headers,879,header,D. Pembagian Data Training/Validasi,,Needs Translation,"st.subheader(""D. Pembagian Data Training/Validasi"")","st\.subheader\s*\(\s*[""\']([^""\']+)[""\']\s*\)"
116,3_Module_3_Generate_ROI.py,Labels,884,slider,Persentase data training:,,Needs Translation,"split_ratio = st.slider(""Persentase data training:"", min_value=0.5, max_value=0.9, value=0.7, step=0.05, key=""split_ratio_sampling"")","st\.slider\s*\(\s*[""\']([^""\']+)[""\']\s*"
117,3_Module_3_Generate_ROI.py,Messages,911,success,Pembagian data berhasil diselesaikan!,,Needs Translation,"st.success(""Pembagian data berhasil diselesaikan!"")","st\.success\s*\(\s*[""\']([^""\']+)[""\']\s*\)"
118,3_Module_3_Generate_ROI.py,Markdown Content,917,markdown,**Preview Data Training:**,,Needs Translation,"st.markdown(""**Preview Data Training:**"")","st\.markdown\s*\(\s*[""\']([^""\']+)[""\']\s*\)"
119,3_Module_3_Generate_ROI.py,Markdown Content,920,markdown,**Preview Data Validasi:**,,Needs Translation,"st.markdown(""**Preview Data Validasi:**"")","st\.markdown\s*\(\s*[""\']([^""\']+)[""\']\s*\)"
120,3_Module_3_Generate_ROI.py,Messages,931,info,Menggunakan seluruh dataset sebagai data training.,,Needs Translation,"st.info(""Menggunakan seluruh dataset sebagai data training."")","st\.info\s*\(\s*[""\']([^""\']+)[""\']\s*\)"
121,3_Module_3_Generate_ROI.py,Messages,933,error,AOI tidak tersedia untuk membuat peta sampling,,Needs Translation,"st.error(""AOI tidak tersedia untuk membuat peta sampling"")","st\.error\s*\(\s*[""\']([^""\']+)[""\']\s*\)"
122,3_Module_3_Generate_ROI.py,Messages,937,warning,Tidak dapat membuat peta interaktif. Silakan gunakan input manual.,,Needs Translation,"st.warning(""Tidak dapat membuat peta interaktif. Silakan gunakan input manual."")","st\.warning\s*\(\s*[""\']([^""\']+)[""\']\s*\)"
123,3_Module_3_Generate_ROI.py,Messages,939,error,Skema klasifikasi tidak tersedia. Silakan jalankan Modul 2 terlebih dahulu.,,Needs Translation,"st.error(""Skema klasifikasi tidak tersedia. Silakan jalankan Modul 2 terlebih dahulu."")","st\.error\s*\(\s*[""\']([^""\']+)[""\']\s*\)"
124,3_Module_3_Generate_ROI.py,Titles Headers,944,header,Navigasi Modul,,Needs Translation,"st.subheader(""Navigasi Modul"")","st\.subheader\s*\(\s*[""\']([^""\']+)[""\']\s*\)"
125,3_Module_3_Generate_ROI.py,Other UI Text,963,unknown,Silakan proses data training sebelum melanjutkan,,Needs Translation,"help=""Silakan proses data training sebelum melanjutkan"")","help\s*=\s*[""\']([^""\']+)[""\']"
126,3_Module_3_Generate_ROI.py,Messages,983,info,Selesaikan pengumpulan dan pemrosesan data training untuk melanjutkan,,Needs Translation,"st.info(""Selesaikan pengumpulan dan pemrosesan data training untuk melanjutkan"")","st\.info\s*\(\s*[""\']([^""\']+)[""\']\s*\)"
127,4_Module_4_Analyze_ROI.py,Titles Headers,45,title,Analisis Pemisahan Data Area Sampel (Region of Interest/ROI),,Needs Translation,"st.title(""Analisis Pemisahan Data Area Sampel (Region of Interest/ROI)"")","st\.title\s*\(\s*[""\']([^""\']+)[""\']\s*\)"
128,4_Module_4_Analyze_ROI.py,Markdown Content,51,markdown,"1. Pilih attibute data latih, yaitu ID dan nama kelas",,Needs Translation,"st.markdown(""1. Pilih attibute data latih, yaitu ID dan nama kelas"")","st\.markdown\s*\(\s*[""\']([^""\']+)[""\']\s*\)"
129,4_Module_4_Analyze_ROI.py,Markdown Content,52,markdown,2. Pilih parameter keterpisahan yang terdiri dari resolusi spasial dan jumlah maksimum piksel untuk setiap kelas. Platform ini menggunakan metode Transformed Divergence (TD) untuk melakukan analisis keterpisahan,,Needs Translation,"st.markdown(""2. Pilih parameter keterpisahan yang terdiri dari resolusi spasial dan jumlah maksimum piksel untuk setiap kelas. Platform ini menggunakan metode Transformed Divergence (TD) untuk melakukan analisis keterpisahan"")","st\.markdown\s*\(\s*[""\']([^""\']+)[""\']\s*\)"
130,4_Module_4_Analyze_ROI.py,Markdown Content,64,markdown,Ketersedian gabungan citra satelit dari modul 1,,Needs Translation,"st.markdown(""Ketersedian gabungan citra satelit dari modul 1"")","st\.markdown\s*\(\s*[""\']([^""\']+)[""\']\s*\)"
131,4_Module_4_Analyze_ROI.py,Messages,67,success,Gabungan citra satelit tersedia!,,Needs Translation,"st.success(""Gabungan citra satelit tersedia!"")","st\.success\s*\(\s*[""\']([^""\']+)[""\']\s*\)"
132,4_Module_4_Analyze_ROI.py,Messages,89,warning,Gabungan Citra Satelit tidak ditemukan. Mohon jalankan Modul 1 terlebih dahulu.,,Needs Translation,"st.warning(""Gabungan Citra Satelit tidak ditemukan. Mohon jalankan Modul 1 terlebih dahulu."")","st\.warning\s*\(\s*[""\']([^""\']+)[""\']\s*\)"
133,4_Module_4_Analyze_ROI.py,Titles Headers,93,header,A. Unggah Wilayah Minat (Shapefile),,Needs Translation,"st.subheader(""A. Unggah Wilayah Minat (Shapefile)"")","st\.subheader\s*\(\s*[""\']([^""\']+)[""\']\s*\)"
134,4_Module_4_Analyze_ROI.py,Markdown Content,94,markdown,saat ini platform hanya mendukung shapefile dalam format .zip,,Needs Translation,"st.markdown(""saat ini platform hanya mendukung shapefile dalam format .zip"")","st\.markdown\s*\(\s*[""\']([^""\']+)[""\']\s*\)"
135,4_Module_4_Analyze_ROI.py,Labels,95,file_uploader,Unggah area minat dalam berkas zip (.zip),,Needs Translation,"uploaded_file = st.file_uploader(""Unggah area minat dalam berkas zip (.zip)"", type=[""zip""])","st\.file_uploader\s*\(\s*[""\']([^""\']+)[""\']\s*"
136,4_Module_4_Analyze_ROI.py,Messages,117,error,No .shp file found in the uploaded zip.,Shapefile tidak ditemukan dalam berkas zip yang diunggah.,Translated,"st.error(""No .shp file found in the uploaded zip."")","st\.error\s*\(\s*[""\']([^""\']+)[""\']\s*\)"
137,4_Module_4_Analyze_ROI.py,Messages,122,success,ROI loaded successfully!,Area Sampel berhasil dimuat!,Translated,"st.success(""ROI loaded successfully!"")","st\.success\s*\(\s*[""\']([^""\']+)[""\']\s*\)"
138,4_Module_4_Analyze_ROI.py,Markdown Content,125,markdown,ROI table preview:,Pratinjau Tabel Area Sampel:,Translated,"st.markdown(""ROI table preview:"")","st\.markdown\s*\(\s*[""\']([^""\']+)[""\']\s*\)"
139,4_Module_4_Analyze_ROI.py,Messages,135,success,ROI conversion completed!,Area Sampel berhasil diubah/diproses!,Translated,"st.success(""ROI conversion completed!"")","st\.success\s*\(\s*[""\']([^""\']+)[""\']\s*\)"
140,4_Module_4_Analyze_ROI.py,Messages,146,error,Failed to convert ROI to Google Earth Engine format,Gagal mengubah Area Sampel ke format Google Earth Engine.,Translated,"st.error(""Failed to convert ROI to Google Earth Engine format"")","st\.error\s*\(\s*[""\']([^""\']+)[""\']\s*\)"
141,4_Module_4_Analyze_ROI.py,Messages,148,error,Geometry validation failed,Validasi Geometri gagal.,Translated,"st.error(""Geometry validation failed"")","st\.error\s*\(\s*[""\']([^""\']+)[""\']\s*\)"
142,4_Module_4_Analyze_ROI.py,Messages,152,info,"Make sure your shapefile includes all necessary files (.shp, .shx, .dbf, .prj)","Pastikan Shapefile Anda memuat semua berkas yang diperlukan (.shp, .shx, .dbf, .prj).",Translated,"st.info(""Make sure your shapefile includes all necessary files (.shp, .shx, .dbf, .prj)"")","st\.info\s*\(\s*[""\']([^""\']+)[""\']\s*\)"
143,4_Module_4_Analyze_ROI.py,Titles Headers,158,header,B. Lakukan Analisis Keterpisahan Sampel,,Needs Translation,"st.subheader(""B. Lakukan Analisis Keterpisahan Sampel"")","st\.subheader\s*\(\s*[""\']([^""\']+)[""\']\s*\)"
144,4_Module_4_Analyze_ROI.py,Markdown Content,159,markdown,Pilih kolom yang sesuai dari Area Sampel Anda yang merujuk pada ID Kelas numerik dan Nama Kelas.,,Needs Translation,"st.markdown(""Pilih kolom yang sesuai dari Area Sampel Anda yang merujuk pada ID Kelas numerik dan Nama Kelas."")","st\.markdown\s*\(\s*[""\']([^""\']+)[""\']\s*\)"
145,4_Module_4_Analyze_ROI.py,Titles Headers,180,header,Parameter Analisis,,Needs Translation,"st.subheader(""Parameter Analisis"")","st\.subheader\s*\(\s*[""\']([^""\']+)[""\']\s*\)"
146,4_Module_4_Analyze_ROI.py,Messages,184,info,Metode Analisis Keterpisahan: Transformed Divergence (TD),,Needs Translation,"st.info(""Metode Analisis Keterpisahan: Transformed Divergence (TD)"")","st\.info\s*\(\s*[""\']([^""\']+)[""\']\s*\)"
147,4_Module_4_Analyze_ROI.py,Labels,190,number_input,Resolusi Spasial:,,Needs Translation,"scale = st.number_input(""Resolusi Spasial:"", min_value=10, max_value=1000, value=30, step=10,","st\.number_input\s*\(\s*[""\']([^""\']+)[""\']\s*"
148,4_Module_4_Analyze_ROI.py,Other UI Text,191,unknown,Higher values = lower resolution but faster processing,Nilai lebih tinggi = resolusi lebih rendah tetapi waktu pemrosesan lebih cepat,Translated,"help=""Higher values = lower resolution but faster processing"")","help\s*=\s*[""\']([^""\']+)[""\']"
149,4_Module_4_Analyze_ROI.py,Labels,192,number_input,Maximum pixels per class:,Jumlah piksel maksimum per kelas:,Translated,"max_pixels = st.number_input(""Maximum pixels per class:"", min_value=1000, max_value=10000, value=5000, step=500,","st\.number_input\s*\(\s*[""\']([^""\']+)[""\']\s*"
150,4_Module_4_Analyze_ROI.py,Other UI Text,193,unknown,Lower values = faster processing but less representative sampling,Nilai lebih rendah = waktu pemrosesan lebih cepat dengan risiko sampel kurang representatif,Translated,"help=""Lower values = faster processing but less representative sampling"")","help\s*=\s*[""\']([^""\']+)[""\']"
151,4_Module_4_Analyze_ROI.py,Messages,198,error,Mohon unggah Shapefile Area Sampel yang valid terlebih dahulu.,,Needs Translation,"st.error(""Mohon unggah Shapefile Area Sampel yang valid terlebih dahulu."")","st\.error\s*\(\s*[""\']([^""\']+)[""\']\s*\)"
152,4_Module_4_Analyze_ROI.py,Messages,236,error,No spectral data was extracted. Please check your training data and image overlap.,Tidak ada data spektral yang terekstrak. Mohon cek data latihan Anda dan tumpang tindih citra.,Translated,"st.error(""No spectral data was extracted. Please check your training data and image overlap."")","st\.error\s*\(\s*[""\']([^""\']+)[""\']\s*\)"
153,4_Module_4_Analyze_ROI.py,Messages,274,success,Analisis Selesai!,,Needs Translation,"st.success(""Analisis Selesai!"")","st\.success\s*\(\s*[""\']([^""\']+)[""\']\s*\)"
154,4_Module_4_Analyze_ROI.py,Titles Headers,281,header,C. Hasil Analisis,,Needs Translation,"st.subheader(""C. Hasil Analisis"")","st\.subheader\s*\(\s*[""\']([^""\']+)[""\']\s*\)"
155,4_Module_4_Analyze_ROI.py,Markdown Content,325,markdown,---,,Needs Translation,"st.markdown(""---"")","st\.markdown\s*\(\s*[""\']([^""\']+)[""\']\s*\)"
156,4_Module_4_Analyze_ROI.py,Markdown Content,326,markdown,**Interpretasi Nilai Transformed Divergence (TD):**,,Needs Translation,"st.markdown(""**Interpretasi Nilai Transformed Divergence (TD):**"")","st\.markdown\s*\(\s*[""\']([^""\']+)[""\']\s*\)"
157,4_Module_4_Analyze_ROI.py,Markdown Content,344,markdown,*Pasangan kelas ini memiliki tingkat pemisahan data terendah dan dapat menyebabkan kerancuan klasifikasi:*,,Needs Translation,"st.markdown(""*Pasangan kelas ini memiliki tingkat pemisahan data terendah dan dapat menyebabkan kerancuan klasifikasi:*"")","st\.markdown\s*\(\s*[""\']([^""\']+)[""\']\s*\)"
158,4_Module_4_Analyze_ROI.py,Titles Headers,350,header,D. Plot the Region of Interest,,Needs Translation,"st.subheader(""D. Plot the Region of Interest"")","st\.subheader\s*\(\s*[""\']([^""\']+)[""\']\s*\)"
159,4_Module_4_Analyze_ROI.py,Markdown Content,351,markdown,"You can visualize the ROI using several plots, namely histogram, box plot, and scatter plot. This allows the user to assess the overlap between classes, which might led to difficulties in separating them",,Needs Translation,"st.markdown(""You can visualize the ROI using several plots, namely histogram, box plot, and scatter plot. This allows the user to assess the overlap between classes, which might led to difficulties in separating them"")","st\.markdown\s*\(\s*[""\']([^""\']+)[""\']\s*\)"
160,4_Module_4_Analyze_ROI.py,Messages,364,error,No valid spectral bands found in the extracted pixel data.,,Needs Translation,"st.error(""No valid spectral bands found in the extracted pixel data."")","st\.error\s*\(\s*[""\']([^""\']+)[""\']\s*\)"
161,4_Module_4_Analyze_ROI.py,Markdown Content,375,markdown,### Distribution of Spectral Values by Class,,Needs Translation,"st.markdown(""### Distribution of Spectral Values by Class"")","st\.markdown\s*\(\s*[""\']([^""\']+)[""\']\s*\)"
162,4_Module_4_Analyze_ROI.py,Labels,388,slider,Number of bins:,,Needs Translation,"bins = st.slider(""Number of bins:"", min_value=10, max_value=50, value=30, step=5)","st\.slider\s*\(\s*[""\']([^""\']+)[""\']\s*"
163,4_Module_4_Analyze_ROI.py,Labels,390,slider,Opacity:,,Needs Translation,"hist_opacity = st.slider(""Opacity:"", 0.3, 0.9, 0.6, 0.1, key=""hist_opacity"")","st\.slider\s*\(\s*[""\']([^""\']+)[""\']\s*"
164,4_Module_4_Analyze_ROI.py,Messages,404,success,‚úÖ Histograms generated!,,Needs Translation,"st.success(""‚úÖ Histograms generated!"")","st\.success\s*\(\s*[""\']([^""\']+)[""\']\s*\)"
165,4_Module_4_Analyze_ROI.py,Messages,405,info,üí° **Tip:** Click on legend items to show/hide classes.,,Needs Translation,"st.info(""üí° **Tip:** Click on legend items to show/hide classes."")","st\.info\s*\(\s*[""\']([^""\']+)[""\']\s*\)"
166,4_Module_4_Analyze_ROI.py,Messages,409,warning,Please select at least one band.,,Needs Translation,"st.warning(""Please select at least one band."")","st\.warning\s*\(\s*[""\']([^""\']+)[""\']\s*\)"
167,4_Module_4_Analyze_ROI.py,Markdown Content,413,markdown,### Box Plots - Spectral Value Distribution,,Needs Translation,"st.markdown(""### Box Plots - Spectral Value Distribution"")","st\.markdown\s*\(\s*[""\']([^""\']+)[""\']\s*\)"
168,4_Module_4_Analyze_ROI.py,Messages,434,success,‚úÖ Box plots generated successfully!,,Needs Translation,"st.success(""‚úÖ Box plots generated successfully!"")","st\.success\s*\(\s*[""\']([^""\']+)[""\']\s*\)"
169,4_Module_4_Analyze_ROI.py,Messages,435,info,"üí° **Tip:** Hover over boxes to see min, max, median, and quartile values.",,Needs Translation,"st.info(""üí° **Tip:** Hover over boxes to see min, max, median, and quartile values."")","st\.info\s*\(\s*[""\']([^""\']+)[""\']\s*\)"
170,4_Module_4_Analyze_ROI.py,Messages,439,warning,Please select at least one band.,,Needs Translation,"st.warning(""Please select at least one band."")","st\.warning\s*\(\s*[""\']([^""\']+)[""\']\s*\)"
171,4_Module_4_Analyze_ROI.py,Markdown Content,443,markdown,### Feature Space Scatter Plot,,Needs Translation,"st.markdown(""### Feature Space Scatter Plot"")","st\.markdown\s*\(\s*[""\']([^""\']+)[""\']\s*\)"
172,4_Module_4_Analyze_ROI.py,Markdown Content,444,markdown,Visualize the relationship between two spectral bands and assess class separability in 2D feature space.,,Needs Translation,"st.markdown(""Visualize the relationship between two spectral bands and assess class separability in 2D feature space."")","st\.markdown\s*\(\s*[""\']([^""\']+)[""\']\s*\)"
173,4_Module_4_Analyze_ROI.py,Labels,468,slider,Point transparency:,,Needs Translation,"alpha = st.slider(""Point transparency:"", 0.1, 1.0, 0.6, 0.1)","st\.slider\s*\(\s*[""\']([^""\']+)[""\']\s*"
174,4_Module_4_Analyze_ROI.py,Other UI Text,474,unknown,Shows 2-sigma confidence ellipses for each class,,Needs Translation,"help=""Shows 2-sigma confidence ellipses for each class"")","help\s*=\s*[""\']([^""\']+)[""\']"
175,4_Module_4_Analyze_ROI.py,Labels,476,selectbox,Color palette:,,Needs Translation,"color_palette = st.selectbox(""Color palette:"",","st\.selectbox\s*\(\s*[""\']([^""\']+)[""\']\s*"
176,4_Module_4_Analyze_ROI.py,Other UI Text,478,unknown,Preview will update when you change selection,,Needs Translation,"index=0,  help=""Preview will update when you change selection"")","help\s*=\s*[""\']([^""\']+)[""\']"
177,4_Module_4_Analyze_ROI.py,Messages,507,success,Scatter plot generated successfully!,,Needs Translation,"st.success(""Scatter plot generated successfully!"")","st\.success\s*\(\s*[""\']([^""\']+)[""\']\s*\)"
178,4_Module_4_Analyze_ROI.py,Messages,520,warning,Need at least 2 bands for scatter plot visualization.,,Needs Translation,"st.warning(""Need at least 2 bands for scatter plot visualization."")","st\.warning\s*\(\s*[""\']([^""\']+)[""\']\s*\)"
179,4_Module_4_Analyze_ROI.py,Markdown Content,524,markdown,### 3D Feature Space Exploration,,Needs Translation,"st.markdown(""### 3D Feature Space Exploration"")","st\.markdown\s*\(\s*[""\']([^""\']+)[""\']\s*\)"
180,4_Module_4_Analyze_ROI.py,Markdown Content,525,markdown,"Explore the spectral signatures in 3D space. Rotate, zoom, and pan to understand class relationships in three-band feature space.",,Needs Translation,"st.markdown(""Explore the spectral signatures in 3D space. Rotate, zoom, and pan to understand class relationships in three-band feature space."")","st\.markdown\s*\(\s*[""\']([^""\']+)[""\']\s*\)"
181,4_Module_4_Analyze_ROI.py,Labels,556,slider,Point size:,,Needs Translation,"marker_size_3d = st.slider(""Point size:"", 2, 8, 4, 1, key=""marker_3d"")","st\.slider\s*\(\s*[""\']([^""\']+)[""\']\s*"
182,4_Module_4_Analyze_ROI.py,Labels,558,slider,Point transparency:,,Needs Translation,"opacity_3d = st.slider(""Point transparency:"", 0.2, 1.0, 0.7, 0.1, key=""opacity_3d"")","st\.slider\s*\(\s*[""\']([^""\']+)[""\']\s*"
183,4_Module_4_Analyze_ROI.py,Messages,573,success,‚úÖ 3D scatter plot generated successfully!,,Needs Translation,"st.success(""‚úÖ 3D scatter plot generated successfully!"")","st\.success\s*\(\s*[""\']([^""\']+)[""\']\s*\)"
184,4_Module_4_Analyze_ROI.py,Messages,593,warning,Need at least 3 bands for 3D scatter plot visualization.,,Needs Translation,"st.warning(""Need at least 3 bands for 3D scatter plot visualization."")","st\.warning\s*\(\s*[""\']([^""\']+)[""\']\s*\)"
185,4_Module_4_Analyze_ROI.py,Markdown Content,596,markdown,---,,Needs Translation,"st.markdown(""---"")","st\.markdown\s*\(\s*[""\']([^""\']+)[""\']\s*\)"
186,4_Module_4_Analyze_ROI.py,Messages,601,info,Please ensure the separability analysis completed successfully.,,Needs Translation,"st.info(""Please ensure the separability analysis completed successfully."")","st\.info\s*\(\s*[""\']([^""\']+)[""\']\s*\)"
187,4_Module_4_Analyze_ROI.py,Messages,603,info,Please complete the separability analysis first to visualize training data.,,Needs Translation,"st.info(""Please complete the separability analysis first to visualize training data."")","st\.info\s*\(\s*[""\']([^""\']+)[""\']\s*\)"
188,4_Module_4_Analyze_ROI.py,Titles Headers,612,header,Module Navigation,Navigasi modul,Translated,"st.subheader(""Module Navigation"")","st\.subheader\s*\(\s*[""\']([^""\']+)[""\']\s*\)"
189,4_Module_4_Analyze_ROI.py,Other UI Text,632,unknown,Analyze the region of interest in order to proceed,,Needs Translation,"help=""Analyze the region of interest in order to proceed"")","help\s*=\s*[""\']([^""\']+)[""\']"
190,4_Module_4_Analyze_ROI.py,Messages,638,info,Analyze the region of interest in order to proceed,,Needs Translation,"st.info(""Analyze the region of interest in order to proceed"")","st\.info\s*\(\s*[""\']([^""\']+)[""\']\s*\)"
191,5_Module_6_Classification_and_LULC_Creation.py,Titles Headers,43,title,Pembuatan Peta Tutupan Lahan,,Needs Translation,"st.title(""Pembuatan Peta Tutupan Lahan"")","st\.title\s*\(\s*[""\']([^""\']+)[""\']\s*\)"
192,5_Module_6_Classification_and_LULC_Creation.py,Titles Headers,59,header,Cek Prasyarat,,Needs Translation,"st.subheader(""Cek Prasyarat"")","st\.subheader\s*\(\s*[""\']([^""\']+)[""\']\s*\)"
193,5_Module_6_Classification_and_LULC_Creation.py,Messages,66,success,‚úÖ Gabungan citra tersedia dari modul 1,,Needs Translation,"st.success(""‚úÖ Gabungan citra tersedia dari modul 1"")","st\.success\s*\(\s*[""\']([^""\']+)[""\']\s*\)"
194,5_Module_6_Classification_and_LULC_Creation.py,Messages,78,error,‚ùå Gabungan citra tidak tersedia,,Needs Translation,"st.error(""‚ùå Gabungan citra tidak tersedia"")","st\.error\s*\(\s*[""\']([^""\']+)[""\']\s*\)"
195,5_Module_6_Classification_and_LULC_Creation.py,Messages,79,warning,Mohon selesaikan modul 1 untuk menghasilkan gabungan citra,,Needs Translation,"st.warning(""Mohon selesaikan modul 1 untuk menghasilkan gabungan citra"")","st\.warning\s*\(\s*[""\']([^""\']+)[""\']\s*\)"
196,5_Module_6_Classification_and_LULC_Creation.py,Messages,85,success,‚úÖ Data sampel tersedia,,Needs Translation,"st.success(""‚úÖ Data sampel tersedia"")","st\.success\s*\(\s*[""\']([^""\']+)[""\']\s*\)"
197,5_Module_6_Classification_and_LULC_Creation.py,Messages,105,error,‚ùå Data sampel tidak tersedia,,Needs Translation,"st.error(""‚ùå Data sampel tidak tersedia"")","st\.error\s*\(\s*[""\']([^""\']+)[""\']\s*\)"
198,5_Module_6_Classification_and_LULC_Creation.py,Messages,106,warning,Mohon selesaikan modul 3 dan 4 untuk menghasilkan dan melakukan analisis data sampel,,Needs Translation,"st.warning(""Mohon selesaikan modul 3 dan 4 untuk menghasilkan dan melakukan analisis data sampel"")","st\.warning\s*\(\s*[""\']([^""\']+)[""\']\s*\)"
199,5_Module_6_Classification_and_LULC_Creation.py,Messages,112,info,‚ö†Ô∏è Selesaikan modul-modul sebelumnya sebelum melanjutkan ke klasifikasi,,Needs Translation,"st.info(""‚ö†Ô∏è Selesaikan modul-modul sebelumnya sebelum melanjutkan ke klasifikasi"")","st\.info\s*\(\s*[""\']([^""\']+)[""\']\s*\)"
200,5_Module_6_Classification_and_LULC_Creation.py,Titles Headers,189,header,Feature Extraction Configuration,Pengaturan ekstraksi data citra,Translated,"st.header(""Feature Extraction Configuration"")","st\.header\s*\(\s*[""\']([^""\']+)[""\']\s*\)"
201,5_Module_6_Classification_and_LULC_Creation.py,Titles Headers,200,header,Data Split Options,Opsi pembagian data,Translated,"st.subheader(""Data Split Options"")","st\.subheader\s*\(\s*[""\']([^""\']+)[""\']\s*\)"
202,5_Module_6_Classification_and_LULC_Creation.py,Other UI Text,205,unknown,"If unchecked, all ROI data will be used for training the classifier","Jika tidak dicentang, seluruh data referensi akan digunakan untuk melatih model klasifikasi",Translated,"help=""If unchecked, all ROI data will be used for training the classifier""","help\s*=\s*[""\']([^""\']+)[""\']"
203,5_Module_6_Classification_and_LULC_Creation.py,Messages,209,info,The ROI is split into training and testing data using stratified random split approach,ROI dibagi menjadi data pelatihan dan pengujian menggunakan pendekatan pembagian acak berstrata,Translated,"st.info(""The ROI is split into training and testing data using stratified random split approach"")","st\.info\s*\(\s*[""\']([^""\']+)[""\']\s*\)"
204,5_Module_6_Classification_and_LULC_Creation.py,Other UI Text,218,unknown,Proportion of data to use for training,Proporsi data yang digunakan untuk pelatihan,Translated,"help=""Proportion of data to use for training""","help\s*=\s*[""\']([^""\']+)[""\']"
205,5_Module_6_Classification_and_LULC_Creation.py,Messages,225,warning,All ROI data will be used for training. Please prepared an independent testing dataset.,Seluruh data ROI akan digunakan untuk pelatihan. Siapkan dataset pengujian independen.,Translated,"st.warning(""All ROI data will be used for training. Please prepared an independent testing dataset."")","st\.warning\s*\(\s*[""\']([^""\']+)[""\']\s*\)"
206,5_Module_6_Classification_and_LULC_Creation.py,Titles Headers,228,header,Extraction Parameters,Parameter ekstrasi data,Translated,"st.subheader(""Extraction Parameters"")","st\.subheader\s*\(\s*[""\']([^""\']+)[""\']\s*\)"
207,5_Module_6_Classification_and_LULC_Creation.py,Other UI Text,235,unknown,Column name in your ROI containing the class ID,Nama kolom tabel atribut yang berisi ID kelas numerik,Translated,"help=""Column name in your ROI containing the class ID""","help\s*=\s*[""\']([^""\']+)[""\']"
208,5_Module_6_Classification_and_LULC_Creation.py,Other UI Text,243,unknown,Spatial resolution for sampling,Resolusi spasial untuk pengambilan sampel,Translated,"help=""Spatial resolution for sampling""","help\s*=\s*[""\']([^""\']+)[""\']"
209,5_Module_6_Classification_and_LULC_Creation.py,Markdown Content,245,markdown,---,,Needs Translation,"st.markdown(""---"")","st\.markdown\s*\(\s*[""\']([^""\']+)[""\']\s*\)"
210,5_Module_6_Classification_and_LULC_Creation.py,Messages,274,success,‚úÖ Feature extraction complete!,,Needs Translation,"st.success(""‚úÖ Feature extraction complete!"")","st\.success\s*\(\s*[""\']([^""\']+)[""\']\s*\)"
211,5_Module_6_Classification_and_LULC_Creation.py,Messages,286,info,‚ÑπÔ∏è All ROI data has been used for training. No test set created.,,Needs Translation,"st.info(""‚ÑπÔ∏è All ROI data has been used for training. No test set created."")","st\.info\s*\(\s*[""\']([^""\']+)[""\']\s*\)"
212,5_Module_6_Classification_and_LULC_Creation.py,Titles Headers,295,header,Membuat Model Klasifikasi,Membuat model klasifikasi,Translated,"st.header(""Membuat Model Klasifikasi"")","st\.header\s*\(\s*[""\']([^""\']+)[""\']\s*\)"
213,5_Module_6_Classification_and_LULC_Creation.py,Messages,325,success,‚úÖ Proses ekstraksi nilai piksel tersedia. Proses klasifikasi dapat dilakukan,,Needs Translation,"st.success(""‚úÖ Proses ekstraksi nilai piksel tersedia. Proses klasifikasi dapat dilakukan"")","st\.success\s*\(\s*[""\']([^""\']+)[""\']\s*\)"
214,5_Module_6_Classification_and_LULC_Creation.py,Titles Headers,328,header,‚öôÔ∏è Pengaturan Model Klasifikasi,,Needs Translation,"st.subheader(""‚öôÔ∏è Pengaturan Model Klasifikasi"")","st\.subheader\s*\(\s*[""\']([^""\']+)[""\']\s*\)"
215,5_Module_6_Classification_and_LULC_Creation.py,Markdown Content,336,markdown,Algoritma Random Forest memiliki beberapa parameter utama yang mempengaruhi kemampuannya untuk mempelajari pola,0,Translated,"st.markdown(""Algoritma Random Forest memiliki beberapa parameter utama yang mempengaruhi kemampuannya untuk mempelajari pola"")","st\.markdown\s*\(\s*[""\']([^""\']+)[""\']\s*\)"
216,5_Module_6_Classification_and_LULC_Creation.py,Markdown Content,337,markdown,1. Jumlah Pohon Keputusan (number of trees),0,Translated,"st.markdown(""1. Jumlah Pohon Keputusan (number of trees)"")","st\.markdown\s*\(\s*[""\']([^""\']+)[""\']\s*\)"
217,5_Module_6_Classification_and_LULC_Creation.py,Markdown Content,338,markdown,2. Jumlah variabel yang dipertimbangkan saat pengambilan keputusan (variable_per_split),0,Translated,"st.markdown(""2. Jumlah variabel yang dipertimbangkan saat pengambilan keputusan (variable_per_split)"")","st\.markdown\s*\(\s*[""\']([^""\']+)[""\']\s*\)"
218,5_Module_6_Classification_and_LULC_Creation.py,Markdown Content,339,markdown,3. Jumlah sampel yang dipertmbangkan untuk memecah sebuah daun dalam pohon keputusan (min leaf population),0,Translated,"st.markdown(""3. Jumlah sampel yang dipertmbangkan untuk memecah sebuah daun dalam pohon keputusan (min leaf population)"")","st\.markdown\s*\(\s*[""\']([^""\']+)[""\']\s*\)"
219,5_Module_6_Classification_and_LULC_Creation.py,Markdown Content,340,markdown,Anda dapat memilih opsi untuk menggunakan pengaturan model yang telah disediakan atau mengatur dengan sendiri,0,Translated,"st.markdown(""Anda dapat memilih opsi untuk menggunakan pengaturan model yang telah disediakan atau mengatur dengan sendiri"")","st\.markdown\s*\(\s*[""\']([^""\']+)[""\']\s*\)"
220,5_Module_6_Classification_and_LULC_Creation.py,Markdown Content,346,markdown,Pengaturan Umum yang diterapkan untuk kajian penginderaan jauh,0,Translated,"st.markdown(""Pengaturan Umum yang diterapkan untuk kajian penginderaan jauh"")","st\.markdown\s*\(\s*[""\']([^""\']+)[""\']\s*\)"
221,5_Module_6_Classification_and_LULC_Creation.py,Markdown Content,350,markdown,### Jumlah Pohon Keputusan,Jumlah pohon keputusan,Translated,"st.markdown(""### Jumlah Pohon Keputusan"")","st\.markdown\s*\(\s*[""\']([^""\']+)[""\']\s*\)"
222,5_Module_6_Classification_and_LULC_Creation.py,Other UI Text,360,unknown,"Semakin banyak jumlah pohon, akurasi dapat meningkat, namun beban komputasi yang semakin tinggi",0,Translated,"help=""Semakin banyak jumlah pohon, akurasi dapat meningkat, namun beban komputasi yang semakin tinggi""","help\s*=\s*[""\']([^""\']+)[""\']"
223,5_Module_6_Classification_and_LULC_Creation.py,Markdown Content,371,markdown,### Pengaturan lainnya,Pengaruran lainnya,Translated,"st.markdown(""### Pengaturan lainnya"")","st\.markdown\s*\(\s*[""\']([^""\']+)[""\']\s*\)"
224,5_Module_6_Classification_and_LULC_Creation.py,Markdown Content,372,markdown,*Parameter lainnya menggunakan nilai bawaan (default*,Parameter lainnya menggunakan nilai bawaan,Translated,"st.markdown(""*Parameter lainnya menggunakan nilai bawaan (default*"")","st\.markdown\s*\(\s*[""\']([^""\']+)[""\']\s*\)"
225,5_Module_6_Classification_and_LULC_Creation.py,Messages,378,success,‚úÖ *Variables per split*: default (akar dari jumlah total variabel),,Needs Translation,"st.success(""‚úÖ *Variables per split*: default (akar dari jumlah total variabel)"")","st\.success\s*\(\s*[""\']([^""\']+)[""\']\s*\)"
226,5_Module_6_Classification_and_LULC_Creation.py,Messages,379,success,‚úÖ *Minimum samples*: 1 (default),,Needs Translation,"st.success(""‚úÖ *Minimum samples*: 1 (default)"")","st\.success\s*\(\s*[""\']([^""\']+)[""\']\s*\)"
227,5_Module_6_Classification_and_LULC_Creation.py,Messages,380,info,üí° Nilai ini umumnya dapat menghasilkan model yang bagus,,Needs Translation,"st.info(""üí° Nilai ini umumnya dapat menghasilkan model yang bagus"")","st\.info\s*\(\s*[""\']([^""\']+)[""\']\s*\)"
228,5_Module_6_Classification_and_LULC_Creation.py,Markdown Content,383,markdown,**Jika ingin menyesuaikan parameter secara bebas**,0,Translated,"st.markdown(""**Jika ingin menyesuaikan parameter secara bebas**"")","st\.markdown\s*\(\s*[""\']([^""\']+)[""\']\s*\)"
229,5_Module_6_Classification_and_LULC_Creation.py,Markdown Content,388,markdown,### üå≤ Number of Trees,,Needs Translation,"st.markdown(""### üå≤ Number of Trees"")","st\.markdown\s*\(\s*[""\']([^""\']+)[""\']\s*\)"
230,5_Module_6_Classification_and_LULC_Creation.py,Other UI Text,395,unknown,"Semakin banyak jumlah pohon, akurasi dapat meningkat, namun beban komputasi yang semakin tinggi",0,Translated,"help=""Semakin banyak jumlah pohon, akurasi dapat meningkat, namun beban komputasi yang semakin tinggi""","help\s*=\s*[""\']([^""\']+)[""\']"
231,5_Module_6_Classification_and_LULC_Creation.py,Markdown Content,399,markdown,###  Variables per Split,Jumlah variable per split,Translated,"st.markdown(""###  Variables per Split"")","st\.markdown\s*\(\s*[""\']([^""\']+)[""\']\s*\)"
232,5_Module_6_Classification_and_LULC_Creation.py,Other UI Text,403,unknown,Menggunakan nilai bawaan berdasarkan data yang digunakan,Menggunakan nilai bawaan berdasarkan data yang digunakan,Translated,"help=""Menggunakan nilai bawaan berdasarkan data yang digunakan""","help\s*=\s*[""\']([^""\']+)[""\']"
233,5_Module_6_Classification_and_LULC_Creation.py,Other UI Text,412,unknown,Berapa banyak variabel yang dipertimbangkan saat pengambilan keputusan (split),Berapa banyak variabel yang dipertimbangkan saat pengambilan keputusan (split),Translated,"help=""Berapa banyak variabel yang dipertimbangkan saat pengambilan keputusan (split)""","help\s*=\s*[""\']([^""\']+)[""\']"
234,5_Module_6_Classification_and_LULC_Creation.py,Messages,416,success,‚úÖ Menggunakna ‚àö(dari jumlah variabel/prediktor),,Needs Translation,"st.success(""‚úÖ Menggunakna ‚àö(dari jumlah variabel/prediktor)"")","st\.success\s*\(\s*[""\']([^""\']+)[""\']\s*\)"
235,5_Module_6_Classification_and_LULC_Creation.py,Markdown Content,419,markdown,### Minimum Leaf Size,Jumlah minimum sampel daun?,Translated,"st.markdown(""### Minimum Leaf Size"")","st\.markdown\s*\(\s*[""\']([^""\']+)[""\']\s*\)"
236,5_Module_6_Classification_and_LULC_Creation.py,Other UI Text,426,unknown,Jumlah minimal sampel yang dibutuhkan untuk leaf node,Jumlah minimal sampel yang dibutuhkan untuk tiap leaf node,Translated,"help= ""Jumlah minimal sampel yang dibutuhkan untuk leaf node""","help\s*=\s*[""\']([^""\']+)[""\']"
237,5_Module_6_Classification_and_LULC_Creation.py,Markdown Content,430,markdown,---,,Needs Translation,"st.markdown(""---"")","st\.markdown\s*\(\s*[""\']([^""\']+)[""\']\s*\)"
238,5_Module_6_Classification_and_LULC_Creation.py,Messages,492,success,üéâ **Selamat!** Model klasifikasi telah berhasil dilatih!,,Needs Translation,"st.success(""üéâ **Selamat!** Model klasifikasi telah berhasil dilatih!"")","st\.success\s*\(\s*[""\']([^""\']+)[""\']\s*\)"
239,5_Module_6_Classification_and_LULC_Creation.py,Messages,498,error,‚ùå **Oops! Something went wrong during training.**,,Needs Translation,"st.error(""‚ùå **Oops! Something went wrong during training.**"")","st\.error\s*\(\s*[""\']([^""\']+)[""\']\s*\)"
240,5_Module_6_Classification_and_LULC_Creation.py,Titles Headers,507,header,Ulasan Model Klasifikasi,Ulasan Model Klasifikasi,Translated,"st.header(""Ulasan Model Klasifikasi"")","st\.header\s*\(\s*[""\']([^""\']+)[""\']\s*\)"
241,5_Module_6_Classification_and_LULC_Creation.py,Markdown Content,511,markdown,1. Feature Importance: Kanal mana yang paling penting untuk pembelajaran model?,1. Feature Importance: Kanal citra mana yang mengandung informasi terpenting untuk pembelajaran model?,Translated,"st.markdown(""1. Feature Importance: Kanal mana yang paling penting untuk pembelajaran model?"")","st\.markdown\s*\(\s*[""\']([^""\']+)[""\']\s*\)"
242,5_Module_6_Classification_and_LULC_Creation.py,Markdown Content,512,markdown,2. Akurasi Model: Bagaimana model klasifikasi menghadapi data yang baru?,,Needs Translation,"st.markdown(""2. Akurasi Model: Bagaimana model klasifikasi menghadapi data yang baru?"")","st\.markdown\s*\(\s*[""\']([^""\']+)[""\']\s*\)"
243,5_Module_6_Classification_and_LULC_Creation.py,Markdown Content,517,markdown,**üìä Feature Importance**,,Needs Translation,"st.markdown(""**üìä Feature Importance**"")","st\.markdown\s*\(\s*[""\']([^""\']+)[""\']\s*\)"
244,5_Module_6_Classification_and_LULC_Creation.py,Markdown Content,527,markdown,**üéØ Akurasi Model**,,Needs Translation,"st.markdown(""**üéØ Akurasi Model**"")","st\.markdown\s*\(\s*[""\']([^""\']+)[""\']\s*\)"
245,5_Module_6_Classification_and_LULC_Creation.py,Messages,542,warning,Selesaikan proses pembelajaran model terlebih dahulu!,0,Translated,"st.warning(""Selesaikan proses pembelajaran model terlebih dahulu!"")","st\.warning\s*\(\s*[""\']([^""\']+)[""\']\s*\)"
246,5_Module_6_Classification_and_LULC_Creation.py,Messages,547,error,Trained model not found. Please re-run classification.,0,Translated,"st.error(""Trained model not found. Please re-run classification."")","st\.error\s*\(\s*[""\']([^""\']+)[""\']\s*\)"
247,5_Module_6_Classification_and_LULC_Creation.py,Titles Headers,553,header,üìä Feature Importance Analysis,,Needs Translation,"st.subheader(""üìä Feature Importance Analysis"")","st\.subheader\s*\(\s*[""\']([^""\']+)[""\']\s*\)"
248,5_Module_6_Classification_and_LULC_Creation.py,Markdown Content,600,markdown,**Kanal yang paling penting:**,0,Translated,"st.markdown(""**Kanal yang paling penting:**"")","st\.markdown\s*\(\s*[""\']([^""\']+)[""\']\s*\)"
249,5_Module_6_Classification_and_LULC_Creation.py,Titles Headers,619,header,üéØ Model Accuracy Assessment,,Needs Translation,"st.subheader(""üéØ Model Accuracy Assessment"")","st\.subheader\s*\(\s*[""\']([^""\']+)[""\']\s*\)"
250,5_Module_6_Classification_and_LULC_Creation.py,Messages,638,info,üí° No test data available for accuracy assessment,,Needs Translation,"st.info(""üí° No test data available for accuracy assessment"")","st\.info\s*\(\s*[""\']([^""\']+)[""\']\s*\)"
251,5_Module_6_Classification_and_LULC_Creation.py,Messages,661,success,‚úÖ Accuracy assessment complete!,,Needs Translation,"st.success(""‚úÖ Accuracy assessment complete!"")","st\.success\s*\(\s*[""\']([^""\']+)[""\']\s*\)"
252,5_Module_6_Classification_and_LULC_Creation.py,Titles Headers,669,header,üìà Akurasi Tingkat Keseluruhan Model,,Needs Translation,"st.subheader(""üìà Akurasi Tingkat Keseluruhan Model"")","st\.subheader\s*\(\s*[""\']([^""\']+)[""\']\s*\)"
253,5_Module_6_Classification_and_LULC_Creation.py,Markdown Content,670,markdown,Berikut adalah kualitas model pada tingkat keseluruhan. Akurasi pada tingkat kelas disajikan pada bagian setelah ini,,Needs Translation,"st.markdown(""Berikut adalah kualitas model pada tingkat keseluruhan. Akurasi pada tingkat kelas disajikan pada bagian setelah ini"")","st\.markdown\s*\(\s*[""\']([^""\']+)[""\']\s*\)"
254,5_Module_6_Classification_and_LULC_Creation.py,Markdown Content,715,markdown,---,,Needs Translation,"st.markdown(""---"")","st\.markdown\s*\(\s*[""\']([^""\']+)[""\']\s*\)"
255,5_Module_6_Classification_and_LULC_Creation.py,Titles Headers,718,header,üìã Akurasi Tingkat Kelas,,Needs Translation,"st.subheader(""üìã Akurasi Tingkat Kelas"")","st\.subheader\s*\(\s*[""\']([^""\']+)[""\']\s*\)"
256,5_Module_6_Classification_and_LULC_Creation.py,Titles Headers,759,header,üîç Confusion Matrix,,Needs Translation,"st.subheader(""üîç Confusion Matrix"")","st\.subheader\s*\(\s*[""\']([^""\']+)[""\']\s*\)"
257,5_Module_6_Classification_and_LULC_Creation.py,Markdown Content,760,markdown,Shows how often each class was correctly identified vs confused with other classes,Menunjukkan seberapa sering setiap kelas berhasil diidentifikasi dengan benar dibandingkan dengan yang keliru diklasifikasikan sebagai kelas lain.,Translated,"st.markdown(""Shows how often each class was correctly identified vs confused with other classes"")","st\.markdown\s*\(\s*[""\']([^""\']+)[""\']\s*\)"
258,5_Module_6_Classification_and_LULC_Creation.py,Markdown Content,847,markdown,#### Confusion Matrix Summary,,Needs Translation,"st.markdown(""#### Confusion Matrix Summary"")","st\.markdown\s*\(\s*[""\']([^""\']+)[""\']\s*\)"
259,5_Module_6_Classification_and_LULC_Creation.py,Markdown Content,864,markdown,**Per-Class Performance:**,,Needs Translation,"st.markdown(""**Per-Class Performance:**"")","st\.markdown\s*\(\s*[""\']([^""\']+)[""\']\s*\)"
260,5_Module_6_Classification_and_LULC_Creation.py,Markdown Content,869,markdown,**Most Common Misclassifications:**,,Needs Translation,"st.markdown(""**Most Common Misclassifications:**"")","st\.markdown\s*\(\s*[""\']([^""\']+)[""\']\s*\)"
261,5_Module_6_Classification_and_LULC_Creation.py,Messages,886,success,üéâ Perfect classification! No misclassifications found.,,Needs Translation,"st.success(""üéâ Perfect classification! No misclassifications found."")","st\.success\s*\(\s*[""\']([^""\']+)[""\']\s*\)"
262,5_Module_6_Classification_and_LULC_Creation.py,Titles Headers,891,header,Visualization,Visualisasi,Translated,"st.header(""Visualization"")","st\.header\s*\(\s*[""\']([^""\']+)[""\']\s*\)"
263,5_Module_6_Classification_and_LULC_Creation.py,Messages,898,info,‚ÑπÔ∏è No classification results yet. Please run classification first.,,Needs Translation,"st.info(""‚ÑπÔ∏è No classification results yet. Please run classification first."")","st\.info\s*\(\s*[""\']([^""\']+)[""\']\s*\)"
264,5_Module_6_Classification_and_LULC_Creation.py,Messages,900,success,‚úÖ Klasifikasi Selesai!,,Needs Translation,"st.success(""‚úÖ Klasifikasi Selesai!"")","st\.success\s*\(\s*[""\']([^""\']+)[""\']\s*\)"
265,5_Module_6_Classification_and_LULC_Creation.py,Titles Headers,902,header,Pratinjau Hasil Klasifikasi,,Needs Translation,"st.subheader(""Pratinjau Hasil Klasifikasi"")","st\.subheader\s*\(\s*[""\']([^""\']+)[""\']\s*\)"
266,5_Module_6_Classification_and_LULC_Creation.py,Titles Headers,960,header,üó∫Ô∏è Legenda Klasifikasi,,Needs Translation,"st.subheader(""üó∫Ô∏è Legenda Klasifikasi"")","st\.subheader\s*\(\s*[""\']([^""\']+)[""\']\s*\)"
267,5_Module_6_Classification_and_LULC_Creation.py,Markdown Content,988,markdown,Adjust colors for each land cover class:,,Needs Translation,"st.markdown(""Adjust colors for each land cover class:"")","st\.markdown\s*\(\s*[""\']([^""\']+)[""\']\s*\)"
268,5_Module_6_Classification_and_LULC_Creation.py,Labels,1008,button,üîÑ Apply Color Changes,,Needs Translation,"if st.button(""üîÑ Apply Color Changes""):","st\.button\s*\(\s*[""\']([^""\']+)[""\']\s*\)"
269,5_Module_6_Classification_and_LULC_Creation.py,Messages,1013,success,Colors updated! Map will refresh automatically.,,Needs Translation,"st.success(""Colors updated! Map will refresh automatically."")","st\.success\s*\(\s*[""\']([^""\']+)[""\']\s*\)"
270,5_Module_6_Classification_and_LULC_Creation.py,Labels,1018,button,üîÑ Reset to Module 2 Colors,,Needs Translation,"if st.button(""üîÑ Reset to Module 2 Colors""):","st\.button\s*\(\s*[""\']([^""\']+)[""\']\s*\)"
271,5_Module_6_Classification_and_LULC_Creation.py,Messages,1027,success,Colors reset to Module 2 scheme!,,Needs Translation,"st.success(""Colors reset to Module 2 scheme!"")","st\.success\s*\(\s*[""\']([^""\']+)[""\']\s*\)"
272,5_Module_6_Classification_and_LULC_Creation.py,Markdown Content,1030,markdown,---,,Needs Translation,"st.markdown(""---"")","st\.markdown\s*\(\s*[""\']([^""\']+)[""\']\s*\)"
273,5_Module_6_Classification_and_LULC_Creation.py,Messages,1068,error,Informasi kelas tidak tersedia,,Needs Translation,"st.error(""Informasi kelas tidak tersedia"")","st\.error\s*\(\s*[""\']([^""\']+)[""\']\s*\)"
274,5_Module_6_Classification_and_LULC_Creation.py,Messages,1069,info,Pastikan modul 2 telah selesai atau data sampel memiliki ID dan nama kelas yang unik,,Needs Translation,"st.info(""Pastikan modul 2 telah selesai atau data sampel memiliki ID dan nama kelas yang unik"")","st\.info\s*\(\s*[""\']([^""\']+)[""\']\s*\)"
275,5_Module_6_Classification_and_LULC_Creation.py,Titles Headers,1079,header,Simpan Hasil Klasifikasi,,Needs Translation,"st.header(""Simpan Hasil Klasifikasi"")","st\.header\s*\(\s*[""\']([^""\']+)[""\']\s*\)"
276,5_Module_6_Classification_and_LULC_Creation.py,Messages,1090,info,"‚ÑπÔ∏è Klasifikasi belum tersedia, silahkan jalankan klasifikasi terlebih dahulu",,Needs Translation,"st.info(""‚ÑπÔ∏è Klasifikasi belum tersedia, silahkan jalankan klasifikasi terlebih dahulu"")","st\.info\s*\(\s*[""\']([^""\']+)[""\']\s*\)"
277,5_Module_6_Classification_and_LULC_Creation.py,Messages,1092,success,‚úÖ Klasifikasi selesai!,,Needs Translation,"st.success(""‚úÖ Klasifikasi selesai!"")","st\.success\s*\(\s*[""\']([^""\']+)[""\']\s*\)"
278,5_Module_6_Classification_and_LULC_Creation.py,Titles Headers,1095,header,Simpan Hasil Klasifikasi Melalui Google Drive,,Needs Translation,"st.subheader(""Simpan Hasil Klasifikasi Melalui Google Drive"")","st\.subheader\s*\(\s*[""\']([^""\']+)[""\']\s*\)"
279,5_Module_6_Classification_and_LULC_Creation.py,Other UI Text,1109,unknown,The output will be saved as GeoTIFF (.tif),Hasil akan disimpan dalam format GeoTIFF (.tif),Translated,"help=""The output will be saved as GeoTIFF (.tif)""","help\s*=\s*[""\']([^""\']+)[""\']"
280,5_Module_6_Classification_and_LULC_Creation.py,Other UI Text,1134,unknown,Example: 32648 (UTM Zone 48N),,Needs Translation,"help=""Example: 32648 (UTM Zone 48N)""","help\s*=\s*[""\']([^""\']+)[""\']"
281,5_Module_6_Classification_and_LULC_Creation.py,Messages,1151,info,üìÑ Export format: GeoTIFF (Integer),,Needs Translation,"st.info(""üìÑ Export format: GeoTIFF (Integer)"")","st\.info\s*\(\s*[""\']([^""\']+)[""\']\s*\)"
282,5_Module_6_Classification_and_LULC_Creation.py,Messages,1231,info,Debugging info:,Informasi Pemecahan Masalah:,Translated,"st.info(""Debugging info:"")","st\.info\s*\(\s*[""\']([^""\']+)[""\']\s*\)"
283,5_Module_6_Classification_and_LULC_Creation.py,Titles Headers,1237,header,Earth Engine Export Monitor,,Needs Translation,"st.subheader(""Earth Engine Export Monitor"")","st\.subheader\s*\(\s*[""\']([^""\']+)[""\']\s*\)"
284,5_Module_6_Classification_and_LULC_Creation.py,Messages,1263,error,Failed to get task status,,Needs Translation,"st.error(""Failed to get task status"")","st\.error\s*\(\s*[""\']([^""\']+)[""\']\s*\)"
285,5_Module_6_Classification_and_LULC_Creation.py,Other UI Text,1275,unknown,Refresh this task,,Needs Translation,"if st.button(f""üîÑ"", key=f""refresh_class_{i}"", help=""Refresh this task""):","help\s*=\s*[""\']([^""\']+)[""\']"
286,5_Module_6_Classification_and_LULC_Creation.py,Messages,1329,success,‚úÖ Classification export completed successfully!,,Needs Translation,"st.success(""‚úÖ Classification export completed successfully!"")","st\.success\s*\(\s*[""\']([^""\']+)[""\']\s*\)"
287,5_Module_6_Classification_and_LULC_Creation.py,Titles Headers,1362,header,Module Navigation,Navigasi modul,Translated,"st.subheader(""Module Navigation"")","st\.subheader\s*\(\s*[""\']([^""\']+)[""\']\s*\)"
288,5_Module_6_Classification_and_LULC_Creation.py,Messages,1374,info,Accuracy assessment module coming soon!,Modul uji akurasi akan segera tersedia!,Translated,"st.info(""Accuracy assessment module coming soon!"")","st\.info\s*\(\s*[""\']([^""\']+)[""\']\s*\)"
289,5_Module_6_Classification_and_LULC_Creation.py,Messages,1382,info,üí° Complete feature extraction and classification to proceed,,Needs Translation,"st.info(""üí° Complete feature extraction and classification to proceed"")","st\.info\s*\(\s*[""\']([^""\']+)[""\']\s*\)"
290,6_Module_7_Thematic_Accuracy.py,Titles Headers,42,title,Thematic Accuracy Assessment,Penilaian Akurasi Tematik,Translated,"st.title(""Thematic Accuracy Assessment"")","st\.title\s*\(\s*[""\']([^""\']+)[""\']\s*\)"
291,6_Module_7_Thematic_Accuracy.py,Markdown Content,55,markdown,---,,Needs Translation,"st.markdown(""---"")","st\.markdown\s*\(\s*[""\']([^""\']+)[""\']\s*\)"
292,6_Module_7_Thematic_Accuracy.py,Messages,61,error,‚ùå No classification result found from Module 6.,,Needs Translation,"st.error(""‚ùå No classification result found from Module 6."")","st\.error\s*\(\s*[""\']([^""\']+)[""\']\s*\)"
293,6_Module_7_Thematic_Accuracy.py,Messages,62,warning,Please complete Module 6 first to generate a land cover classification map.,Selesaikan Modul 6 terlebih dahulu untuk menghasilkan peta klasifikasi tutupan lahan.,Translated,"st.warning(""Please complete Module 6 first to generate a land cover classification map."")","st\.warning\s*\(\s*[""\']([^""\']+)[""\']\s*\)"
294,6_Module_7_Thematic_Accuracy.py,Messages,65,success,‚úÖ Classification map loaded from Module 6,,Needs Translation,"st.success(""‚úÖ Classification map loaded from Module 6"")","st\.success\s*\(\s*[""\']([^""\']+)[""\']\s*\)"
295,6_Module_7_Thematic_Accuracy.py,Titles Headers,120,header,Step 1: Upload Ground Reference Data,Langkah 1: Unggah Data Referensi Lapangan,Translated,"st.subheader(""Step 1: Upload Ground Reference Data"")","st\.subheader\s*\(\s*[""\']([^""\']+)[""\']\s*\)"
296,6_Module_7_Thematic_Accuracy.py,Messages,121,info,üìÅ Upload a **.zip shapefile** containing your independent validation samples with class IDs.,,Needs Translation,"st.info(""üìÅ Upload a **.zip shapefile** containing your independent validation samples with class IDs."")","st\.info\s*\(\s*[""\']([^""\']+)[""\']\s*\)"
297,6_Module_7_Thematic_Accuracy.py,Labels,123,file_uploader,Choose a zipped shapefile (.zip),Pilih shapefile terkompresi (.zip),Translated,"uploaded_file = st.file_uploader(""Choose a zipped shapefile (.zip)"", type=[""zip""])","st\.file_uploader\s*\(\s*[""\']([^""\']+)[""\']\s*"
298,6_Module_7_Thematic_Accuracy.py,Markdown Content,141,markdown,**üìç Validation Points Distribution:**,,Needs Translation,"st.markdown(""**üìç Validation Points Distribution:**"")","st\.markdown\s*\(\s*[""\']([^""\']+)[""\']\s*\)"
299,6_Module_7_Thematic_Accuracy.py,Messages,150,info,"üí° Ensure your shapefile includes all necessary files (.shp, .shx, .dbf, .prj)",,Needs Translation,"st.info(""üí° Ensure your shapefile includes all necessary files (.shp, .shx, .dbf, .prj)"")","st\.info\s*\(\s*[""\']([^""\']+)[""\']\s*\)"
300,6_Module_7_Thematic_Accuracy.py,Titles Headers,158,header,Step 2: Configure and Run Assessment,Langkah 2: Konfigurasi dan Jalankan uji akurasi tematik,Translated,"st.subheader(""Step 2: Configure and Run Assessment"")","st\.subheader\s*\(\s*[""\']([^""\']+)[""\']\s*\)"
301,6_Module_7_Thematic_Accuracy.py,Messages,161,warning,‚ö†Ô∏è Please upload your validation data first.,,Needs Translation,"st.warning(""‚ö†Ô∏è Please upload your validation data first."")","st\.warning\s*\(\s*[""\']([^""\']+)[""\']\s*\)"
302,6_Module_7_Thematic_Accuracy.py,Messages,166,error,Validation data not properly loaded.,Data validasi tidak berhasil diunggah dengan utuh.,Translated,"st.error(""Validation data not properly loaded."")","st\.error\s*\(\s*[""\']([^""\']+)[""\']\s*\)"
303,6_Module_7_Thematic_Accuracy.py,Other UI Text,177,unknown,"Field containing numeric class identifiers (e.g., 1, 2, 3, 4)","Kolom yang berisi pengenal kelas numerik (mis. 1, 2, 3, 4)",Translated,"help=""Field containing numeric class identifiers (e.g., 1, 2, 3, 4)""","help\s*=\s*[""\']([^""\']+)[""\']"
304,6_Module_7_Thematic_Accuracy.py,Other UI Text,186,unknown,Spatial resolution for sampling the classified map,Resolusi spasial untuk pengambilan sampel pada peta terklasifikasi,Translated,"help=""Spatial resolution for sampling the classified map""","help\s*=\s*[""\']([^""\']+)[""\']"
305,6_Module_7_Thematic_Accuracy.py,Messages,213,success,‚úÖ Thematic accuracy assessment completed!,,Needs Translation,"st.success(""‚úÖ Thematic accuracy assessment completed!"")","st\.success\s*\(\s*[""\']([^""\']+)[""\']\s*\)"
306,6_Module_7_Thematic_Accuracy.py,Titles Headers,235,header,Accuracy Assessment Results,Hasil Penilaian Akurasi,Translated,"st.subheader(""Accuracy Assessment Results"")","st\.subheader\s*\(\s*[""\']([^""\']+)[""\']\s*\)"
307,6_Module_7_Thematic_Accuracy.py,Markdown Content,267,markdown,---,,Needs Translation,"st.markdown(""---"")","st\.markdown\s*\(\s*[""\']([^""\']+)[""\']\s*\)"
308,6_Module_7_Thematic_Accuracy.py,Titles Headers,268,header,Class-Level Performance,Kinerja per Kelas,Translated,"st.subheader(""Class-Level Performance"")","st\.subheader\s*\(\s*[""\']([^""\']+)[""\']\s*\)"
309,6_Module_7_Thematic_Accuracy.py,Markdown Content,280,markdown,---,,Needs Translation,"st.markdown(""---"")","st\.markdown\s*\(\s*[""\']([^""\']+)[""\']\s*\)"
310,6_Module_7_Thematic_Accuracy.py,Titles Headers,281,header,üîÑ Confusion Matrix,,Needs Translation,"st.subheader(""üîÑ Confusion Matrix"")","st\.subheader\s*\(\s*[""\']([^""\']+)[""\']\s*\)"
311,6_Module_7_Thematic_Accuracy.py,Markdown Content,310,markdown,---,,Needs Translation,"st.markdown(""---"")","st\.markdown\s*\(\s*[""\']([^""\']+)[""\']\s*\)"
312,6_Module_7_Thematic_Accuracy.py,Other UI Text,328,unknown,üì• Download Results Summary,,Needs Translation,"label=""üì• Download Results Summary"",","label\s*=\s*[""\']([^""\']+)[""\']"
313,6_Module_7_Thematic_Accuracy.py,Other UI Text,339,unknown,üì• Download Class Metrics,,Needs Translation,"label=""üì• Download Class Metrics"",","label\s*=\s*[""\']([^""\']+)[""\']"
314,6_Module_7_Thematic_Accuracy.py,Messages,357,info,üí° Return to Module 6 to improve your classification model if needed,,Needs Translation,"st.info(""üí° Return to Module 6 to improve your classification model if needed"")","st\.info\s*\(\s*[""\']([^""\']+)[""\']\s*\)"
